{"cameraMode":{"drawMode":0,"name":"Shaded","section":"Shading Mode"},"sceneLighting":false,"audioPlay":false,"sceneViewState":{"m_AlwaysRefresh":false,"showFog":true,"showSkybox":false,"showFlares":true,"showImageEffects":true,"showParticleSystems":true,"showVisualEffectGraphs":true,"m_FxEnabled":true},"in2DMode":false,"pivot":{"x":0.40906304121017458,"y":0.48875918984413149,"z":-0.29188987612724306},"rotation":{"x":0.48359549045562746,"y":0.01969083771109581,"z":-0.010882745496928692,"w":0.8750001192092896},"size":0.61578768491745,"orthographic":false}